process_name,access_time,frequency,duration,cpu_usage,network_activity,is_malicious
suffer.exe,6,3,21.451738319246857,8.957821034057341,1,1
space.exe,1,4,2.4637360507204136,49.350342958044074,0,0
particularly.exe,18,5,0.3060635226227342,36.14354666850278,1,0
professional.exe,19,5,19.399981419299614,16.97040928396111,1,0
economy.exe,5,1,0.3084852243742142,38.01272449599327,0,1
probably.exe,15,3,42.2132670692728,11.793416701425052,1,0
sign.exe,0,3,25.31410251034362,10.274644885911272,0,0
situation.exe,12,4,23.82298605475027,21.347284709782432,0,0
onto.exe,16,5,2.3940631916151824,45.41531675658243,0,0
race.exe,2,4,25.8981413698641,27.162298918596044,1,0
but.exe,19,2,11.969067815966131,9.641904456370618,0,0
car.exe,20,1,19.447295078761787,38.857464739754704,0,0
together.exe,21,2,11.44485999670989,47.48450066780467,1,0
glass.exe,11,3,12.544173081974376,7.414086531671392,1,0
throw.exe,6,3,1.637093258208178,40.69050243010444,1,0
right.exe,13,6,5.114461820012246,34.50791409705188,0,0
my.exe,11,4,8.61102121051441,27.94531271209604,0,0
fire.exe,20,0,2.3987031691915206,38.677782202603474,0,0
research.exe,7,2,27.094273564104746,20.011756720423957,1,0
series.exe,17,1,13.793645596408048,9.781819264407973,0,0
customer.exe,7,1,35.37323082885375,41.89884629577928,1,0
budget.exe,19,3,2.991623021046787,49.94756106420894,1,0
suffer.exe,9,3,16.04921831913179,33.03169611584806,1,0
argue.exe,23,2,8.888203055611033,35.76645854678621,0,0
president.exe,19,4,13.907163013100668,33.217342245270125,0,1
discover.exe,20,2,40.929455663743695,49.66187365945046,0,0
serious.exe,21,4,33.33983284918688,12.745992284421217,0,0
north.exe,7,4,5.068765372273814,19.142462829608153,0,0
appear.exe,15,5,3.214814234531627,49.18380906655478,0,0
wide.exe,7,3,23.360125436451998,31.026499903696596,0,0
nation.exe,1,4,9.022490828859173,18.249900241479676,1,0
only.exe,4,4,14.270891039548133,33.03893698018321,1,0
four.exe,18,1,47.1646387814789,30.365575716604724,1,0
very.exe,8,4,10.448639397798981,49.4854958978679,0,1
cup.exe,1,1,0.07296314285253996,23.86172192818973,0,0
according.exe,5,4,26.446885892465662,34.908378089238354,1,1
surface.exe,3,1,0.1485928415683151,44.10291345087063,0,0
deal.exe,7,5,11.978487521079497,14.709737561633792,1,0
especially.exe,18,4,2.119804663173624,4.9433844743990685,0,0
not.exe,3,2,4.90749220398526,3.9666807737129686,1,0
husband.exe,23,5,8.0393012765932,26.92451117432477,1,1
value.exe,10,2,30.59179516405942,43.05757946179659,0,0
young.exe,18,2,22.279407748674366,43.410490554574054,1,0
sometimes.exe,21,1,0.05275783866576733,29.301165957095392,1,0
manager.exe,17,2,1.2010037675802967,9.241368902216289,1,0
school.exe,10,3,0.1453648394790925,32.16310108501244,0,0
down.exe,9,3,3.971840282270116,40.910457449168966,0,0
room.exe,3,3,3.4234480729791046,42.15143319547405,0,0
force.exe,21,7,3.7624980241623396,6.241524566523735,0,0
join.exe,21,6,15.2758869726913,1.866564086319545,1,1
hope.exe,18,4,0.19946585790359678,18.765343751268745,0,0
employee.exe,1,2,19.59752407273482,33.80735082634107,1,0
find.exe,18,3,0.5885422889589179,20.58743223472487,1,0
will.exe,18,1,14.186538042421585,13.856319622837654,0,0
study.exe,8,3,17.339058258751308,28.328045086944734,1,0
cut.exe,4,3,16.815818849103003,6.970336547139697,0,0
machine.exe,5,1,16.67014607550891,12.672601436661921,0,0
sort.exe,21,3,5.996164031214661,16.186618446062933,0,0
peace.exe,11,4,1.7532833815328974,22.350180825283967,0,0
arm.exe,3,2,11.602089395617593,40.800240799501445,1,0
site.exe,11,1,0.7248330082793912,4.230821791332661,0,0
protect.exe,7,1,3.0948533002613754,18.079064499516043,0,0
goal.exe,18,4,12.02366385800204,37.50480811346525,0,0
his.exe,13,3,30.831272767240733,37.76261503074338,0,1
government.exe,13,5,8.061710281941206,3.4312245060823434,0,0
later.exe,6,5,50.06303642792836,3.5600402422340323,1,0
leave.exe,1,5,1.8574588757267028,22.68215203992282,1,0
well.exe,8,1,4.476980161195526,34.120180701928724,0,0
street.exe,6,3,13.764237087245077,17.859513885976913,1,0
owner.exe,1,2,19.346126133866854,28.744070736309688,0,1
sit.exe,19,2,9.500654206975167,14.120189157923571,1,0
history.exe,2,2,2.2752651696325636,1.7336520535673388,0,0
piece.exe,3,3,7.520578052635596,4.846109787424536,1,0
parent.exe,1,4,7.264401693282992,39.52114534804041,1,1
senior.exe,6,5,2.1797465587551064,36.88561330679229,1,0
over.exe,19,3,4.367916767749077,37.67909423186535,1,0
already.exe,20,3,4.079523700720639,20.022281320501246,1,0
have.exe,16,3,8.469062851005662,27.1063838004919,0,1
strong.exe,19,1,27.85820374095474,19.797468336355323,1,0
trip.exe,14,4,52.2456068207699,25.418639482109032,1,0
which.exe,1,2,9.259166230874893,27.908014650901638,0,0
main.exe,7,3,10.42728722269094,44.20192744575574,1,0
entire.exe,1,2,18.662548769873645,16.305081765582102,1,0
hot.exe,0,2,8.280164731242758,45.616741958312836,0,0
summer.exe,10,2,7.22738373242006,32.16923283199332,0,1
table.exe,14,4,1.8618698521048334,27.003012387194303,1,0
admit.exe,9,1,2.478485660826183,13.7812180236868,1,0
draw.exe,13,8,0.9860838859785657,7.221904176002917,1,0
though.exe,16,3,9.28102479853629,27.4001585182336,0,0
church.exe,12,2,45.952534694124274,22.40393700693052,1,0
body.exe,15,3,15.819917920700606,6.7805115627967,0,1
tonight.exe,7,4,0.7916688152029362,4.607809211849406,1,0
claim.exe,5,2,0.32246756749216776,32.29199277097871,1,0
hard.exe,6,1,3.997965896787395,30.030746588375997,1,0
very.exe,11,3,9.162027257559899,21.968945631745903,1,1
national.exe,4,1,4.550148507291568,35.86505244509679,0,0
major.exe,22,3,11.525439149776266,6.79953981398654,0,1
science.exe,2,4,15.212273528334457,40.75088116599801,0,0
goal.exe,16,2,0.30007859098541884,49.84431831993647,0,0
feel.exe,10,3,19.46605557134157,35.4705533082826,0,1
over.exe,22,10,0.29245116350835837,23.176478321134457,1,1
white.exe,19,2,10.661025776199843,38.88932669231171,1,0
her.exe,3,3,1.2299378069196634,2.9443819157735525,0,0
mean.exe,19,0,7.578346916111696,16.312438934249958,0,0
deal.exe,2,1,5.351669756674834,5.519272547188929,0,0
human.exe,14,0,3.4874678839910054,44.29008530932934,1,0
past.exe,7,1,1.051757979447488,0.5708327723553523,1,0
boy.exe,7,3,13.847945134754823,11.791349579303382,1,0
table.exe,5,2,6.630473140565276,2.6655662586953284,0,1
need.exe,0,3,6.443674774807637,29.46043402551984,1,0
cold.exe,17,3,7.766420118176212,21.504526836539938,0,1
degree.exe,11,3,14.459791052860236,27.085377873271817,0,0
with.exe,5,4,17.049903110729755,42.05531963846542,1,0
than.exe,12,5,5.816813910956085,17.934580209748205,0,0
art.exe,11,4,12.66870896325285,48.26137233756139,1,0
government.exe,12,2,1.6559462274202614,48.79933773262656,0,0
us.exe,10,6,10.087806194573348,19.699102701944202,1,0
cold.exe,7,5,3.3062973963671554,39.335307837362265,0,0
admit.exe,0,3,1.8863815413613991,30.684864183238314,0,0
mission.exe,17,3,2.2092990647934783,39.981354404446336,1,0
decade.exe,20,3,39.199897725718806,4.331121607334133,0,0
decide.exe,4,5,4.233218039730019,10.521829510590017,0,0
point.exe,17,3,0.803849974662987,21.25231346226094,0,0
if.exe,2,1,2.4206781883695636,25.252825288857913,1,1
wear.exe,18,4,9.382878219957085,16.844986656890324,1,0
maintain.exe,19,3,6.244248166017322,24.8280578799296,0,0
green.exe,17,1,6.168925292548605,14.302579640622744,1,0
data.exe,12,3,14.286063266193526,2.021071650277204,0,0
walk.exe,3,4,0.5601440008521095,33.07999101668609,1,0
she.exe,14,2,9.353795271596914,31.20475564205224,0,0
subject.exe,10,1,21.8313355734875,25.971613308793383,0,0
mother.exe,9,1,12.441624205913888,15.256878856659604,0,1
character.exe,1,6,3.4572218816237417,36.95865526743943,1,0
which.exe,18,3,6.928136181121575,35.15622952952267,1,0
plant.exe,9,2,6.922034633827513,13.27403699455991,1,0
statement.exe,5,5,5.781517481444799,0.8973369422122001,0,0
production.exe,6,3,11.007868703049128,15.599575599728494,1,0
letter.exe,7,3,0.36396105954919533,12.935755511556316,0,0
human.exe,7,4,7.700136352536489,5.024379427778521,0,1
hotel.exe,10,3,17.024271870488274,9.59711627896377,1,0
last.exe,7,5,4.273222041634364,26.766265037653056,0,0
agency.exe,13,1,1.7987212612244714,42.7938848070473,1,0
since.exe,11,2,8.973220096434552,41.04208681228875,1,0
serve.exe,23,4,1.1464830563364174,13.17163836637664,0,0
already.exe,7,4,13.508889744631425,19.984635117322423,0,1
contain.exe,3,0,10.04684092233883,32.97404255612504,0,0
can.exe,11,4,1.5200098575372394,17.16944537930147,1,0
beat.exe,1,1,0.8387520532781289,21.38116096919705,0,1
often.exe,22,2,1.725113041850859,13.311585262511288,0,0
PM.exe,1,3,7.054783477442847,10.162501455040752,1,0
even.exe,7,2,1.2607502660443926,2.793966085932654,0,0
friend.exe,23,3,6.945117839783366,46.96485586153647,1,0
assume.exe,10,2,0.13539167121798143,0.9306289871294974,1,1
travel.exe,1,3,9.281965223420132,19.806211859980905,1,0
city.exe,15,2,4.490577846282878,13.229720052289823,0,0
role.exe,5,1,3.4207777646238897,8.838281384719751,0,1
provide.exe,23,7,5.633968398033583,15.251168621026618,0,1
interview.exe,17,5,1.4189322666449087,9.553083559983335,0,1
each.exe,13,4,24.159609787548725,38.9538939725499,0,0
alone.exe,22,3,0.3258358823517324,36.78826997117022,0,0
I.exe,5,4,23.84491763895181,25.181333393490476,1,0
every.exe,9,4,17.312409460471414,23.146769002231654,0,0
performance.exe,16,3,2.818131433319694,17.401462846608055,1,1
up.exe,2,5,17.856557803637724,27.90018085187903,1,1
carry.exe,15,4,11.462098868164896,45.54616765842273,1,0
describe.exe,7,3,14.905449184335362,7.622620871088658,1,0
billion.exe,21,1,9.2166729861955,34.41598323476611,0,0
cause.exe,14,1,4.1548414736289505,44.31277042173791,1,1
tree.exe,21,2,13.076191410468638,34.057397284574215,0,0
lawyer.exe,10,1,2.222286051709842,31.4317497865866,0,0
development.exe,8,2,24.02538935799834,9.65457517295593,0,0
I.exe,22,2,11.361622852418291,21.892824267620583,1,0
million.exe,0,4,7.318659006752658,23.16337243510753,1,0
anyone.exe,2,6,10.120951468637621,17.21802380054386,0,1
particular.exe,9,4,3.369137055663938,42.09397496804037,1,0
box.exe,7,2,4.775319261117525,29.756293217466776,0,0
most.exe,10,3,39.52633932269433,6.990785602370767,1,0
event.exe,19,5,11.081122218205476,18.277448457480116,1,0
campaign.exe,5,2,25.09890757236107,32.034684328989805,0,1
compare.exe,2,3,9.62686224254008,22.540963384870416,0,0
decision.exe,4,7,4.348266452807709,26.736571752567354,1,1
about.exe,18,2,0.37737468574236427,14.279064707996616,1,0
return.exe,12,3,5.246074153481177,29.717767366933455,1,0
huge.exe,17,3,2.891996060057313,13.77852874371208,1,1
begin.exe,6,2,4.338411995173401,4.566362493316833,1,1
class.exe,20,4,3.542168728846879,17.032419519230128,0,0
strong.exe,5,6,13.793708757956992,1.8108942966218713,0,0
yes.exe,10,1,4.050227675622803,37.43553150247377,0,0
evening.exe,1,3,67.11208274278208,44.20920789456221,1,0
attorney.exe,14,4,69.61680319516874,42.74737222010225,1,0
public.exe,3,3,16.206364027496566,48.24358575561297,0,0
heart.exe,20,4,11.935295553628688,34.319902581665204,0,0
edge.exe,5,3,4.824191232935032,16.686982289629967,0,0
we.exe,12,5,1.5716839760868828,34.35590885143043,0,0
grow.exe,23,4,7.740887476970918,33.44039145915866,1,0
walk.exe,7,5,10.558389499545303,18.053173271609847,1,0
glass.exe,16,4,4.036340750013082,43.29275061356154,0,0
brother.exe,1,2,2.948543615120646,40.06921364867824,0,0
talk.exe,17,7,2.9598021052701275,13.206714262644203,1,1
natural.exe,3,6,0.574108663468461,18.075231657402906,1,0
site.exe,11,2,1.3387887097665119,8.303794503211487,1,0
against.exe,7,1,19.29380788652783,7.345044876333078,1,1
six.exe,2,3,14.78018611733617,15.586508619321512,0,0
high.exe,14,1,7.496601508275424,37.48765179919873,0,0
tonight.exe,13,4,2.8489253442857883,0.6057199855044784,1,0
arm.exe,19,1,3.363569375630969,29.101692018888716,0,0
successful.exe,1,2,0.44263278457911753,12.455626328001308,1,0
some.exe,0,1,7.0522695699945315,47.301572782521184,1,0
from.exe,14,5,18.6990603858276,17.87405470936317,1,1
clear.exe,2,4,0.25949501810206993,35.36668402972861,0,0
go.exe,12,1,12.773823300097614,11.229032530944744,1,0
level.exe,13,5,24.053090684534553,2.424504152865863,0,0
manage.exe,18,3,3.435713857988791,33.147012548917836,1,0
sort.exe,19,2,12.856738943432829,4.00709759558849,0,0
some.exe,14,2,7.972432242602583,38.438380017387495,1,0
man.exe,5,2,11.552232075969576,1.2844968385506275,0,0
force.exe,10,4,11.369128650592108,31.90510629800581,0,0
perhaps.exe,17,2,6.383677244451099,45.76710083073441,0,0
relate.exe,7,3,0.9091138244638607,9.98391144709007,1,0
number.exe,9,6,16.15386102260282,46.385943835105685,0,0
lot.exe,6,2,2.3540250543366867,22.824317614743606,0,0
situation.exe,11,5,3.4859036141711015,22.333951440867676,0,0
prepare.exe,9,2,2.063039221877002,12.723021539235656,1,0
man.exe,7,5,2.893010885371479,13.459647168994685,1,0
magazine.exe,9,3,1.5828042985001625,49.955033815525034,1,0
friend.exe,21,3,0.17299815227300447,26.17172088064111,0,0
full.exe,18,5,0.8407103087258133,27.07203521809927,1,1
born.exe,18,5,5.629072469056469,46.74561191870644,1,1
sit.exe,17,4,11.067185487196715,0.8369384725321408,1,0
particular.exe,10,3,18.759067113796643,48.68388654199803,0,0
billion.exe,13,5,0.5432888402804489,3.3011990077840876,1,0
specific.exe,23,4,0.9835379620374723,14.65201392218105,1,1
machine.exe,10,2,5.571106028474632,15.910608343667116,0,1
study.exe,18,0,9.383939293046144,14.358415014908749,1,0
hear.exe,2,5,3.4111035620558243,49.0765033900024,1,0
news.exe,10,4,7.733418483863517,4.638867418357012,1,0
outside.exe,4,6,2.7467600554863587,13.508450786932551,0,0
avoid.exe,16,3,5.304051841338805,38.592789884760265,0,1
baby.exe,3,4,0.25809324922802823,37.234910525475776,1,0
laugh.exe,11,1,5.334598650391733,11.723102547455712,1,0
note.exe,15,2,4.103885341305588,9.171727754274519,0,0
bring.exe,7,4,1.5160040158527583,6.4673498240587195,0,0
class.exe,17,2,31.359199567910892,30.751608604717283,1,1
such.exe,2,3,29.01638447202268,41.06893439269933,0,0
street.exe,22,4,25.542623460254823,42.25034770930187,1,0
force.exe,18,4,0.7492250163195602,16.81109429698149,0,0
subject.exe,5,4,4.2292376848150175,33.99748596304184,0,0
whom.exe,0,1,3.02515123574532,26.00240269032261,0,0
represent.exe,13,3,4.320560876744014,1.6559879152632084,1,0
choice.exe,4,3,7.386156054665768,12.676496597154603,0,0
fire.exe,14,4,13.158404260146897,27.67525272933505,0,0
woman.exe,6,6,40.27235421684178,44.884595218106995,0,0
gun.exe,12,4,4.025689869478653,10.745305979528302,1,1
trade.exe,15,3,1.0736252664959924,17.49221964193661,0,0
indicate.exe,0,0,15.635642667347916,23.320131245321758,0,0
mission.exe,2,5,11.326107542915018,19.83674416946634,1,0
offer.exe,4,2,6.435475780942738,4.994577550022273,1,0
lot.exe,18,0,15.261511314352301,44.88747838311895,1,0
just.exe,8,5,36.94168136409339,33.5207843506979,1,0
act.exe,1,1,6.960836791123364,7.086218090236802,0,0
will.exe,1,1,1.5913066897738721,25.293699570130855,1,1
least.exe,21,2,20.70492302523988,43.09629000801517,1,0
list.exe,13,2,2.821367158558181,2.027291723084288,1,0
federal.exe,22,5,15.772586940222862,47.11230286631438,1,0
issue.exe,15,0,16.511198869800964,40.594129590786146,1,0
option.exe,23,3,9.444541323344147,6.0905586478556195,0,0
be.exe,6,3,12.465413102131802,21.96211145921643,1,1
even.exe,0,4,3.882958217236116,25.261153926705248,0,0
bring.exe,0,3,5.7842058836254004,33.62855488986107,1,1
late.exe,23,5,0.013050486511244299,21.197504413368563,1,0
oil.exe,6,4,3.977597140447184,48.130879889768636,0,0
town.exe,8,3,43.54301111738821,19.920643376718324,0,0
explain.exe,3,2,5.2249069138600035,19.163278866656274,0,0
yeah.exe,21,1,19.045452825433664,8.64503624310868,1,0
expect.exe,7,3,43.8949947239047,0.18620931536374985,1,0
million.exe,18,5,9.192486551768912,7.526389890209628,0,0
turn.exe,13,5,1.1625825726475254,31.267974658020005,0,0
operation.exe,10,3,5.924331941256416,44.47692962154206,1,0
truth.exe,0,10,1.2229542885906666,49.57862227127399,1,1
use.exe,10,0,9.857471718568979,38.046928133252706,0,0
ago.exe,13,3,6.1502416464951795,45.757932346668404,1,0
decision.exe,23,3,9.18066555103547,6.695491654414085,0,0
president.exe,7,6,22.816804469268774,9.961115129443396,0,0
way.exe,18,2,1.8797560766366077,5.600251876885925,1,0
before.exe,20,2,5.8465944184699445,21.50745475004821,0,0
memory.exe,21,5,13.695051967884952,33.598760669611785,0,0
analysis.exe,15,1,1.2763087457425795,5.807085178888533,0,0
program.exe,12,0,5.8144794604601655,22.419463671132824,0,0
hit.exe,21,2,16.013356658754347,28.929948296192784,0,0
interest.exe,22,1,5.806495061518653,48.359314624636404,0,0
doctor.exe,22,2,11.894770381564882,45.50139985965002,1,0
away.exe,19,5,0.24073275100643415,26.921163204468748,1,0
find.exe,22,3,4.60422322599474,31.00844193256075,1,0
attorney.exe,11,5,16.84850020548314,15.262093398044886,0,0
although.exe,14,3,22.246445983897253,48.09820050594113,1,0
great.exe,13,5,12.00455805286293,4.226985505344011,0,0
foreign.exe,19,4,45.18379310387448,9.978511861008554,0,0
this.exe,22,6,4.917625127632329,19.835631849706974,0,1
southern.exe,2,2,1.6543041719274139,35.65570398632829,1,0
water.exe,8,2,13.179014424093896,5.7438879326332986,1,0
study.exe,22,2,12.641657205678154,33.56332238810204,1,0
adult.exe,13,4,2.301908876824696,43.52069572692636,0,0
your.exe,10,4,3.3080546456492894,2.73641644223408,1,1
could.exe,21,1,2.7253827476021835,21.747502782067155,1,0
point.exe,18,0,17.69086145957263,33.396280195572714,1,0
yet.exe,12,2,15.558689428318457,4.1120457213129304,1,0
right.exe,7,3,4.559737155696065,27.444362457661377,0,0
himself.exe,19,5,19.95460301750178,40.96023666223671,1,0
professor.exe,9,6,1.8881972836646677,37.30830187606902,1,0
image.exe,5,1,1.4822991440560336,18.003427691571535,1,0
onto.exe,21,2,19.071278923704394,31.10491141184842,0,0
pick.exe,10,5,3.9172984340283605,17.549971895955135,1,0
step.exe,18,1,21.470802856903582,43.99526183164018,0,0
player.exe,17,1,5.450713922997201,35.13138112096024,0,0
build.exe,3,9,8.614638580371798,14.163372312185324,0,0
drop.exe,16,2,4.244817270357423,26.50524766316855,0,0
realize.exe,17,3,34.99382646895417,7.949779579366108,1,1
find.exe,1,4,0.2528599043210798,3.432640509119598,1,0
success.exe,8,1,44.3827760462625,34.81212569973483,1,0
these.exe,17,3,8.883463156852825,30.708376176874317,0,0
strategy.exe,12,1,18.88763080113761,6.178117057111333,0,1
pull.exe,15,4,1.501022452258194,25.58817959954094,0,0
product.exe,18,1,6.344299764640184,44.27118682929734,0,0
almost.exe,5,3,1.847872705321278,29.962748048368084,0,0
over.exe,10,2,4.110011043051964,28.324176286029235,1,0
deep.exe,8,5,15.749138217407685,23.058547817447273,0,0
usually.exe,7,2,12.281285462804018,48.73348513698059,0,0
happy.exe,12,6,0.02340257991612561,14.495896165244691,0,0
leave.exe,10,7,6.089304169172696,17.50577943416033,1,0
create.exe,7,1,2.9140277303013207,39.74060209410305,0,0
staff.exe,2,5,9.867309733644836,20.17769669298404,0,0
most.exe,2,2,11.276925770869896,30.93334198011811,0,0
him.exe,12,3,1.8255466637928426,44.77930767279679,1,0
majority.exe,4,3,19.033640863175446,29.486963031886276,0,0
chance.exe,21,1,6.20479947804958,27.560418189198764,1,0
sell.exe,7,3,8.178808453755991,1.8874149929438624,1,0
such.exe,19,1,2.8146815058188364,37.66711283682255,1,0
finish.exe,10,2,4.980752173990609,27.789945254303543,0,1
explain.exe,1,2,3.61201230874308,35.95527101397424,0,0
chance.exe,0,2,3.990128832468413,3.559543244481639,1,0
price.exe,0,4,3.1006896439436527,23.26109337379863,1,0
land.exe,1,2,3.312662433689249,36.05979382453104,1,0
policy.exe,23,2,5.42986844819766,40.66617044925346,0,1
eight.exe,17,3,5.708665295526393,15.124422285203902,1,0
speech.exe,23,2,7.421895380985648,28.991511624318967,0,0
people.exe,20,3,6.518000268079973,11.696529047695305,1,0
defense.exe,6,2,3.8351938966266026,46.38408957047599,1,0
protect.exe,22,3,11.814953305327382,47.55670102527713,0,0
institution.exe,14,6,0.7689609933287718,42.26578851391618,0,0
business.exe,22,4,3.454153911524428,6.027084554059682,0,0
half.exe,11,2,11.760170215204983,27.677660166090515,0,0
check.exe,2,3,9.537927371555629,12.437694377678216,0,0
western.exe,1,4,5.449807130254153,25.786530684259887,0,1
itself.exe,2,7,0.33694012458986206,25.1239694411384,1,0
pick.exe,19,1,3.172943817604496,46.851181352995106,0,0
work.exe,14,4,2.175106010393237,2.665082090220507,1,0
example.exe,10,2,19.413588245928388,6.815245707398327,1,0
drop.exe,12,2,22.21114947074449,25.707579985672766,0,0
than.exe,12,6,7.8124143418757,18.60800914928223,0,0
measure.exe,18,2,11.488497586389453,4.056654469904446,1,0
smile.exe,21,2,5.077541990148976,35.930976127968535,1,0
include.exe,20,2,6.764664776189273,34.94315129038252,1,0
either.exe,2,1,14.617652528824118,32.60025221617977,1,0
such.exe,21,3,3.2382754739401203,21.593914402015436,1,0
leg.exe,19,2,20.72368717288723,38.02708096605831,0,0
think.exe,15,3,0.6945557057645799,28.81623209375734,1,1
who.exe,5,3,1.3688301776849985,35.603552074736996,0,0
force.exe,7,4,6.955400032941929,48.0246031903883,1,0
research.exe,14,5,10.787847418069674,36.65750043279559,1,1
cover.exe,15,0,26.69814821047435,8.120008041498219,0,0
eight.exe,6,4,4.483970913004434,8.54594872917056,0,0
indicate.exe,11,2,0.0682652711244524,17.50159033656086,0,0
serious.exe,1,3,8.927204221952131,34.14455087099662,1,0
generation.exe,22,1,4.231563766514489,21.91437938127627,1,1
box.exe,9,5,2.905185874120599,28.164092291188716,1,0
top.exe,10,3,7.291704523550962,38.096296963433915,1,0
upon.exe,1,3,7.52434217830478,7.62222822655983,0,0
week.exe,5,4,17.824899853283856,7.866742352527457,1,1
better.exe,12,4,5.466943750850496,9.861474187736727,0,0
feel.exe,11,1,3.411718148284353,16.93556875041795,1,0
central.exe,6,2,5.294602547257008,29.18872332739048,0,0
any.exe,0,4,8.69152733016463,37.86351479888755,0,1
management.exe,9,1,13.231861224875537,2.82073615405048,0,0
realize.exe,12,4,11.819441840972571,17.789787370627824,0,0
floor.exe,19,2,5.289765809270933,1.1436617976220735,0,0
compare.exe,9,5,23.664089524095754,14.27716808850894,0,0
tough.exe,16,4,6.705458239640903,13.524397898907134,1,0
say.exe,19,4,1.0639648528057757,28.46118699795339,1,1
customer.exe,0,3,2.77775192313017,39.1141501993489,1,0
hit.exe,14,1,1.1321878398156984,28.341813264319658,1,0
town.exe,10,0,9.166857390437638,43.52315835002977,1,0
word.exe,10,4,5.689180305944124,9.86276047619364,0,1
weight.exe,0,3,6.314001632585366,44.72790432346909,0,0
section.exe,5,3,2.1319260570083793,5.951818365848689,1,1
age.exe,3,5,3.585936914794269,30.421227127483988,0,1
industry.exe,13,4,2.7156863127792112,36.99185299743576,0,0
parent.exe,16,1,1.13808785763924,41.45333578681736,1,1
subject.exe,15,2,11.08712209839956,37.58939868865472,1,1
personal.exe,19,3,9.480680579514916,49.50679516008055,1,0
today.exe,7,1,5.584561077499802,6.378847804897564,0,0
common.exe,2,6,37.08798957875122,28.8052844176171,1,0
rate.exe,9,2,0.6366686547168579,0.8791009860460279,1,0
why.exe,10,3,6.956507112430278,33.863838677616,0,1
job.exe,1,3,2.9306765818701463,29.45478654765198,0,0
type.exe,18,2,4.366619218809802,14.994747549902488,1,1
leave.exe,8,2,16.195741593117774,13.186691564448909,1,0
goal.exe,7,3,6.869563926629866,5.998983603799625,0,1
inside.exe,6,2,0.7012795048750173,49.82595602707166,0,1
movement.exe,8,3,14.309937580702162,41.301810633397665,0,0
year.exe,9,5,11.955542090948947,17.015307210954187,0,0
rich.exe,5,6,0.5929204414946581,16.651030975779104,0,0
still.exe,17,1,5.446852131186324,3.353332588403661,1,0
nation.exe,13,5,4.676722321180346,31.578484654271808,1,1
her.exe,19,2,11.091529359110101,29.0252416746382,0,0
reduce.exe,23,4,1.4035131929147526,49.30827087831811,1,1
fill.exe,6,7,9.63751358964698,3.706703659733881,1,0
understand.exe,5,4,18.76080303418958,41.23032732952141,0,0
investment.exe,1,4,37.745585226039694,19.90781574443759,0,0
change.exe,14,5,3.880851524699949,12.18855290905204,0,0
sound.exe,21,8,14.681484466386596,30.63191893242682,0,0
hotel.exe,1,6,8.238242719208497,4.735798691741351,0,1
north.exe,19,0,13.875498722318923,36.025732016964234,1,0
expert.exe,19,5,6.096214437109484,2.098284432905212,1,1
whom.exe,2,4,11.948351665810018,49.84877072321728,1,1
could.exe,6,4,0.5211910425738303,43.3005467830864,0,0
blood.exe,3,0,2.1882704989797173,6.128717504619466,1,0
score.exe,11,4,19.743834465138296,0.5094814796280471,0,0
political.exe,0,2,7.450914922197028,39.269667794053625,0,0
region.exe,21,5,1.5464016338900697,46.23852899804366,1,1
event.exe,8,2,2.8794586458713645,30.83209202810212,0,0
as.exe,22,4,6.0791432403760535,48.12436600107653,1,0
who.exe,0,3,10.352363801568895,16.02691303031697,1,1
forget.exe,12,3,7.559332343803074,21.688013933135455,0,0
nation.exe,14,6,2.9196884323366197,9.43731071474019,1,0
nor.exe,4,4,39.0476721841128,26.024015007258413,0,0
former.exe,9,4,11.51522340472863,9.00059052009173,1,0
represent.exe,17,2,6.400273613447423,43.67760551666972,0,1
life.exe,18,2,3.3567597361401784,24.11972564011946,0,0
conference.exe,3,3,0.5084562338698494,30.190845789222944,0,0
if.exe,16,6,5.954192383811668,22.824723716376923,0,0
painting.exe,7,4,17.614812570096156,19.94301043237694,0,0
ago.exe,14,3,36.81762064756937,5.626046821852582,0,0
mother.exe,23,2,4.725632946305038,10.789216476611788,0,1
offer.exe,2,2,32.562522859334855,10.682884758667162,0,0
my.exe,12,3,1.7359714517218716,33.90443145609574,0,1
well.exe,14,4,9.87605105485364,3.110296750516934,0,0
new.exe,1,1,18.582606112555535,9.65227142691505,1,0
law.exe,11,3,15.850974373156424,0.6975992009795582,0,0
huge.exe,0,3,11.003596181180967,14.802735469647917,1,1
analysis.exe,19,3,24.3180165690895,8.131329069385336,1,0
resource.exe,16,0,23.920153350227658,44.89638120539712,0,0
Republican.exe,15,4,8.131001090625153,3.5691994979858555,0,0
either.exe,3,4,15.484807855522362,17.023346547736843,1,0
third.exe,0,2,25.77162213254009,34.10623409160162,0,0
director.exe,17,3,0.3455202218449549,26.4101665572545,1,0
feel.exe,16,3,4.910782990468676,38.53091215441657,0,0
size.exe,19,3,36.614986895387545,0.28397788983139083,0,0
build.exe,1,2,7.973157918985681,0.867217755454852,0,0
body.exe,5,4,17.310487280754078,35.005468542707895,0,0
any.exe,4,2,6.186728729679226,1.4849160526402732,0,1
wife.exe,19,5,12.637824632054533,36.77948706687289,0,1
treatment.exe,14,5,4.788820049231535,9.241079731629776,1,0
never.exe,7,5,4.27272180352397,32.41561483704137,1,0
this.exe,2,5,12.65513127982606,26.39118797977275,1,0
ball.exe,23,1,9.114051105344899,15.53855099387657,1,0
hospital.exe,15,2,9.624155629038626,12.186559354490026,1,0
best.exe,9,1,8.410257899260069,46.13460742909618,1,0
attorney.exe,15,6,38.295456819611,35.43986575902371,1,1
standard.exe,16,4,0.44830255634371236,21.477240272548315,1,0
cut.exe,17,5,5.630252252762727,36.279670059047184,0,0
good.exe,8,0,1.7556528610237307,48.13137423517523,0,0
card.exe,3,2,9.663446591496959,10.013088970513587,1,0
south.exe,22,3,16.73740336478361,23.070142721129397,1,0
seem.exe,21,3,0.04088227669928049,3.6110416014291085,0,0
need.exe,11,6,0.4820398842505652,1.0914842912593135,0,0
manage.exe,10,0,13.791255227744807,43.367183974411454,0,0
voice.exe,3,3,17.045663690774994,43.00779276863533,1,0
poor.exe,2,4,1.4392511694842216,47.96104088831596,1,0
like.exe,9,1,5.030765713545879,39.23996711456089,1,0
mention.exe,6,2,8.709488713901877,19.82177286213826,0,0
certain.exe,6,1,0.9806878747596501,5.637872120289996,0,0
lot.exe,19,1,11.739282153361197,41.811341454548746,0,1
understand.exe,23,1,36.22136929096549,35.17014573680933,1,0
foreign.exe,8,6,25.362490689267375,1.5175042762041715,1,0
job.exe,18,4,8.260942046282068,23.23859731557975,0,0
difference.exe,0,2,5.365289987591876,37.81039352207885,0,0
church.exe,2,4,5.19873986414232,49.064289039615275,0,0
state.exe,2,8,13.34430685119046,44.541928369083344,0,0
professor.exe,1,6,1.4268143135205578,25.741764332092213,0,0
front.exe,17,2,4.438478571439477,43.56814894910276,0,0
law.exe,16,5,14.093587528289405,49.23204593669294,0,0
develop.exe,0,1,6.103110108617956,7.288080720926721,1,0
establish.exe,6,7,10.090507201209434,22.597788978856748,1,0
behind.exe,20,1,0.7907910763864913,25.254392947581938,0,0
skill.exe,15,0,14.738271502112754,20.096264125730283,0,0
stay.exe,13,3,13.055188804270836,29.396407805142925,0,0
worker.exe,2,1,11.185311697967094,1.7388850957345388,1,0
animal.exe,18,2,1.2366656951618096,14.335523381906697,1,0
low.exe,7,4,0.1876364363238568,12.678906053760684,0,0
ten.exe,20,1,2.8160854285816246,2.8011423027769142,1,1
always.exe,0,1,8.500704598829552,47.60521322177403,0,0
discuss.exe,1,2,11.074968165336411,32.02204833942547,0,0
poor.exe,11,3,31.399833936464496,28.59939588852032,0,0
because.exe,14,6,3.858510912053842,21.94541351646729,1,1
tax.exe,21,2,12.91345175899737,3.5752649965679613,1,0
ago.exe,0,6,35.53966836864597,23.47870616976777,0,0
three.exe,5,4,5.210674849837923,20.935529776338015,0,0
head.exe,0,2,37.090483598269536,9.992860072052828,1,1
size.exe,22,1,6.345885974238086,2.04248739211627,0,0
claim.exe,21,3,1.6220703432487684,10.760823313513997,0,0
reality.exe,8,3,8.837613044309723,49.23161109823735,0,0
hard.exe,17,3,17.943292472358596,7.132927256926794,1,0
natural.exe,7,2,5.339374827202591,16.09942723631667,1,1
few.exe,8,2,24.264672518238108,25.6405059196121,0,1
necessary.exe,5,2,5.180235915100538,15.327834908163544,0,0
mean.exe,12,1,3.1335541695115348,2.54521370799496,1,0
whether.exe,14,3,13.525553110930746,4.502648540904404,0,0
policy.exe,21,2,0.6861768070984363,20.857484298212082,0,0
close.exe,17,2,12.2358264357939,6.465357274929818,1,0
case.exe,12,2,11.75524666512517,39.762870182536126,0,0
nature.exe,15,2,9.381593544026469,47.180944026661265,0,0
military.exe,17,5,44.05303832799611,26.98046783900864,0,0
word.exe,8,5,6.223582648180985,4.11030055378051,0,1
site.exe,9,3,0.9641386262917849,17.919703037009306,1,0
paper.exe,1,3,5.7494463295770615,16.803173581882,0,0
property.exe,0,7,19.535913073834806,11.302125489572342,1,0
skin.exe,13,1,20.72615888824433,12.507983847890173,1,0
expert.exe,6,2,1.6614680576292034,49.44907367970404,0,0
keep.exe,11,1,19.650359455178833,37.31431473544121,0,0
partner.exe,20,0,15.15967876174144,3.7727520930569565,0,1
season.exe,12,4,15.353383177161795,45.447466964184855,1,1
democratic.exe,4,2,6.5052789770051564,34.26093685889565,0,0
suffer.exe,1,5,8.911586530792317,31.741733495414262,1,1
life.exe,14,3,0.017296518324778333,21.944983915105347,0,0
family.exe,4,4,7.223552076623435,44.41932394581862,0,0
call.exe,4,5,0.5389486038624194,9.03021811007193,0,0
father.exe,12,2,17.182245361899135,32.854254886815085,1,0
form.exe,7,1,5.69957836976511,24.998139246855523,0,0
enter.exe,3,3,28.28573737761044,23.611812390794807,1,0
stage.exe,7,3,8.954683720299904,13.221659558589636,1,0
hand.exe,21,3,11.780990341426032,18.498305184447204,1,0
against.exe,0,3,22.35860302564852,16.454832523012197,1,1
sure.exe,2,4,17.79374958314536,43.92554703285322,1,0
without.exe,4,3,5.3787799163852625,29.1655893342386,1,0
really.exe,3,2,2.454436038587891,23.393823502302208,0,0
trial.exe,3,4,4.77915576034558,18.332496593023848,1,0
capital.exe,19,5,4.866298109825821,37.3452305916258,1,0
option.exe,5,3,1.6068918200812852,47.360863707297774,1,1
government.exe,22,3,22.17434665502452,26.211174751626896,0,0
claim.exe,1,3,1.9828957863969878,34.13899945016698,0,1
color.exe,6,4,10.484999239565855,13.842408413656525,1,0
operation.exe,6,4,0.4467623950088455,26.73754596648646,1,0
next.exe,7,5,8.788741826937663,15.42783610194418,1,0
decade.exe,6,6,4.507224931667251,38.936580590866406,1,1
run.exe,11,3,2.719299987116854,17.010729735814326,0,0
chance.exe,8,1,3.816542742275006,25.699840726904135,0,0
call.exe,7,1,4.473328212066578,48.03636195085661,1,0
rise.exe,2,1,3.9730891205676686,29.235308118005985,0,1
wind.exe,8,2,13.819382766942079,6.125713045932162,1,0
call.exe,7,5,4.708977481899943,19.78596921375059,0,0
food.exe,23,5,4.280083536679016,4.773951098936307,1,0
out.exe,14,2,6.158601250709491,19.596913828504082,0,0
community.exe,23,2,2.2255013271666115,37.997578782548366,1,0
church.exe,1,2,0.5559335222379906,29.533753761082604,0,0
social.exe,12,3,2.693577867993427,46.40568420801465,1,0
knowledge.exe,2,5,4.304929096940324,13.466939878406196,1,1
claim.exe,4,3,0.7910512336990355,28.11439330095947,1,0
another.exe,10,7,13.427137888737235,29.499630587974565,0,1
week.exe,11,2,13.023137849831874,38.52354465525128,0,0
officer.exe,2,2,0.6847869813476954,39.946527307712344,1,1
might.exe,11,2,13.262775978604333,5.5634911372610425,0,0
hear.exe,22,4,8.7289643097447,44.201798966731914,0,0
thing.exe,13,5,16.389658664997018,43.99161720909729,0,0
trip.exe,14,1,19.890936127452896,32.05880411112796,1,0
green.exe,7,6,0.0029390146868747266,32.26218161161298,1,0
sometimes.exe,7,5,4.377161132085164,49.2027224801235,0,1
common.exe,14,4,35.27186379903855,24.4933093397588,0,1
bed.exe,0,6,13.198102994515768,19.254458216087045,0,0
structure.exe,10,5,7.622824581232357,7.232012508199601,1,0
space.exe,18,3,7.782357215174468,6.124405630055544,0,1
plant.exe,21,4,21.003927655045903,10.95916327786227,1,1
top.exe,12,2,6.39041826728974,34.4631135631261,1,1
whether.exe,0,3,6.220606595611191,28.96230775800091,1,0
give.exe,22,2,12.808009481387222,46.017471330987284,0,0
require.exe,4,3,5.024623635139182,31.434265387217483,0,0
fact.exe,14,5,6.243571073968593,17.145570013496574,1,1
ten.exe,17,3,24.83321079585754,20.148459407317528,1,1
stuff.exe,3,1,0.8897033781156704,43.395937573003195,0,1
it.exe,16,2,30.261300457334123,37.63282867867154,0,0
professor.exe,6,1,6.447983821314221,5.271845330792102,1,0
sell.exe,9,5,4.622409286733282,43.088689774230474,0,1
player.exe,21,1,6.419703417594872,9.009143929639722,1,0
war.exe,21,6,33.82232696471317,18.855564482025947,0,0
example.exe,8,2,0.07155189169338216,40.570196875301626,0,0
form.exe,16,5,17.4167390793949,15.039144688681876,0,0
actually.exe,3,3,1.574274942263011,1.8115602100473442,0,0
plant.exe,16,1,7.795620285304386,2.548787422210488,1,0
gun.exe,17,3,18.41078560190051,28.28327966191129,1,1
quite.exe,11,2,8.67737035766807,40.79356009894455,1,1
modern.exe,10,2,5.09131360937599,29.26559062071999,1,1
that.exe,13,2,5.803242284075174,7.48405133500516,0,0
under.exe,19,3,12.27380773365736,22.494863778724564,1,0
set.exe,8,3,3.7920005507462013,49.895375045718275,0,1
black.exe,21,1,7.597987799890975,7.218067095723814,0,0
job.exe,22,4,39.62684483785948,28.90519148813796,0,0
friend.exe,23,0,5.187967912660039,45.60490985649003,1,0
court.exe,20,2,2.0078996779941165,45.47191219220014,0,0
police.exe,16,2,17.807981760191232,21.331037890381328,0,0
population.exe,15,2,25.669216126933513,2.6386684833933822,0,0
at.exe,10,6,2.785568152009229,23.291320145993804,1,0
standard.exe,10,2,8.206843045709789,20.22440322324625,1,0
live.exe,2,5,0.8155241139748836,4.331527335609727,0,1
technology.exe,3,5,16.18670927007154,15.897351627841566,1,0
study.exe,1,1,4.212089917723943,42.045378098172904,1,1
party.exe,4,4,7.265104080785162,34.66504184782398,1,0
article.exe,17,3,8.430630328448046,24.23753289910197,1,0
those.exe,18,4,7.564305667024261,42.88902898589376,0,0
over.exe,19,7,5.949149798688026,24.65975601534184,0,0
subject.exe,23,5,1.7496219030893891,30.304780090195457,0,0
bit.exe,12,5,10.44956270501741,22.53100644037019,1,0
create.exe,4,2,3.6219935988177814,22.39784242686101,1,0
bit.exe,20,1,15.068912402599251,40.565992185749664,0,0
perform.exe,22,2,1.4093513487089095,33.29251771757924,0,1
degree.exe,18,4,5.521509178658073,48.621317105088266,0,0
no.exe,11,1,6.3524935333590715,46.099086835489025,1,0
often.exe,11,5,5.054496029023521,5.364986419250734,0,1
husband.exe,10,4,2.9732024126478738,26.712421518886728,0,0
option.exe,1,1,6.783852381444562,24.267793387222905,0,1
recognize.exe,20,4,9.906420107191238,30.009405371914735,0,0
account.exe,18,3,14.724046156577938,12.171440082379373,1,0
benefit.exe,13,2,9.733422837400598,23.126794229235045,0,0
range.exe,15,5,1.374301176523447,12.582084340706825,0,0
information.exe,21,4,7.096172114093651,46.190251309412844,0,0
discussion.exe,18,9,10.68462378979322,19.522943471118158,0,0
challenge.exe,23,1,4.50806388857991,14.594628976857305,0,0
summer.exe,19,2,3.234661283385993,16.229724496673047,0,0
suddenly.exe,13,4,8.9230291131603,33.286370010703,0,0
no.exe,12,2,0.0635884180782045,21.85274598271594,0,0
ok.exe,10,3,9.945236484893522,22.381743327395533,0,0
analysis.exe,21,1,18.889122957545567,37.098129150392026,0,0
send.exe,6,2,12.15153407795844,18.444117803548433,0,0
arm.exe,16,4,8.510496517693287,20.238947604494346,0,0
write.exe,18,2,0.5077622789154971,6.765561306301335,0,1
smile.exe,19,2,26.519942357214056,8.599486899206806,0,1
evidence.exe,8,2,25.87998578824925,18.55705316773648,1,0
charge.exe,11,5,18.463532598306646,36.7824297224027,0,0
at.exe,6,5,2.8768332864467983,1.2328052154131808,0,1
on.exe,2,3,0.32357472564896683,0.21366213898502295,0,0
air.exe,0,1,22.84609345226571,36.93112905585506,1,1
personal.exe,20,5,5.510781831676127,26.95181613987577,1,0
such.exe,23,3,21.081152645796696,24.720703422125577,1,0
bill.exe,2,4,3.3582705895263345,4.846238308192508,1,1
friend.exe,11,2,16.950710462349242,42.8211399856832,1,0
information.exe,1,2,4.877321998025886,4.351807140474559,0,0
itself.exe,11,2,6.540935883199582,23.86536009564731,1,0
risk.exe,0,4,5.542910342069058,21.26390391474083,0,0
view.exe,22,2,20.202073559343777,3.641181452540671,0,0
technology.exe,19,3,1.8474896093243511,19.611125338873176,0,1
structure.exe,10,4,14.304648537347024,25.05169575338119,0,1
break.exe,12,1,3.2171794259647424,2.0190331642619292,0,0
political.exe,22,3,18.972758328882186,21.4300781133511,0,0
natural.exe,0,0,3.5104336224951527,14.364187629944873,1,0
fall.exe,20,1,4.468760614749929,15.192006760983102,0,0
together.exe,22,3,1.5252782799538256,32.077064285279,1,0
bar.exe,18,4,2.6920562154358487,42.112987329099255,1,0
suffer.exe,3,5,3.836770420947775,4.180592533117021,0,0
recently.exe,2,4,3.419085565953888,27.51149595949949,0,0
music.exe,0,5,17.69919995427246,34.01869870817212,1,0
later.exe,22,1,11.042395781993884,24.280964990358466,0,1
movement.exe,3,2,7.362718447790884,8.556762932387313,1,0
population.exe,21,5,0.6979291430572764,8.064531355653626,1,0
require.exe,21,1,0.5389135779707046,25.817708787308316,0,1
forget.exe,22,1,0.5298709385293097,9.505432042122457,0,0
consider.exe,3,6,2.657569279093099,28.59103071906777,1,0
enter.exe,15,5,22.473928938486463,43.58772140519459,0,0
condition.exe,15,3,1.5667719629073515,9.08147888749249,0,0
through.exe,11,1,15.495347225249944,46.31208490584399,0,0
exactly.exe,23,3,55.08650282950705,49.246559135412035,0,0
sell.exe,0,5,2.382822528821254,8.243540689049956,1,0
movement.exe,1,4,12.198284151083968,42.55452565774748,1,1
care.exe,18,2,3.4650389367863017,3.473104768838693,0,0
recognize.exe,11,0,1.3686330710845143,8.310126573898938,0,0
this.exe,16,3,5.57987713694529,3.516741792790669,1,0
yet.exe,3,3,5.667807789473759,11.853719886716172,0,0
policy.exe,3,3,0.11646446223231127,19.11686255692257,1,0
car.exe,11,8,27.52254954522282,29.391920711264113,1,0
table.exe,4,2,14.269082549782643,47.21261387268503,1,0
also.exe,3,5,5.191133754235672,27.99833229765779,0,0
approach.exe,1,2,2.007104823032513,7.524915736499468,0,0
audience.exe,23,4,8.087131887388784,17.054747996187125,0,0
hundred.exe,17,2,0.4328606511914106,47.294873429569684,1,1
and.exe,3,5,10.288045282084234,33.7462949834143,0,0
response.exe,21,4,1.3074355653375689,38.05820970345465,1,1
station.exe,8,1,27.52458347545787,24.44622997943426,0,0
half.exe,8,2,36.58193269020153,25.987698969114437,1,0
physical.exe,15,4,1.9970282445465286,23.52693455386295,0,0
factor.exe,2,5,2.100539123794224,32.9613268868416,0,0
card.exe,14,6,3.8307193353798716,14.82511382452802,1,0
cover.exe,7,7,39.35620685436744,35.33168568596775,0,0
television.exe,8,4,4.217217937650609,3.1422035603230407,0,0
after.exe,16,1,12.87080168896917,27.315758219325957,0,0
report.exe,1,2,3.5698637587754694,46.53975048444737,1,0
almost.exe,7,2,0.2732754209886445,20.463358299937422,0,0
agree.exe,16,2,0.16549103401764736,12.098397329911691,0,0
past.exe,0,3,0.01083823996656596,12.291439302779702,0,0
hear.exe,11,0,4.501956317950516,44.390457354499105,0,0
among.exe,21,2,3.908535465965354,1.0466963275584782,0,0
past.exe,21,3,0.48840114558808767,32.09601268566352,1,0
bed.exe,5,2,0.8521725293620407,31.199622838499256,1,0
everyone.exe,12,4,1.1998662055238694,46.09515568728577,1,0
charge.exe,10,7,7.784010324152964,5.712655284764914,0,0
skin.exe,7,5,1.8509258845467045,0.7770800351875918,0,0
set.exe,15,3,3.652045088216951,36.788249071834784,1,1
article.exe,11,3,1.3746812621326443,37.763308551195735,0,0
benefit.exe,5,4,7.21005383878336,15.117551149091979,1,0
move.exe,17,3,21.040754749583144,27.24333396918838,1,0
value.exe,14,3,1.0126372380134843,4.450000050031869,1,0
stuff.exe,5,2,2.730931923459229,23.05755513783101,0,0
discuss.exe,0,1,27.45362190510802,35.760038202104454,1,1
their.exe,7,3,10.983760003514009,27.937265194903897,0,1
close.exe,20,2,3.086254528329309,0.3481779293846378,1,0
fast.exe,16,0,0.9076010473978945,38.74942872980962,0,0
project.exe,15,1,6.679723298426772,36.965731026375245,0,0
not.exe,4,2,4.207982417704795,2.751747572135804,0,0
class.exe,7,3,19.571461555398077,43.690481657289375,0,1
others.exe,9,3,5.124765630812732,45.80775484048688,1,1
most.exe,4,2,16.741493494588838,30.578673353364174,1,1
kitchen.exe,2,3,16.30251023892103,0.23588371401440866,1,0
reality.exe,4,4,10.93788710394403,5.24439993989931,0,0
none.exe,20,1,8.951662605633434,14.579962802348065,0,0
sell.exe,7,5,20.71388851232212,36.447853970559365,0,0
consider.exe,11,2,3.1950444773453417,36.14456881603228,0,0
strategy.exe,1,1,44.6768603246175,32.64140637492086,1,1
pressure.exe,23,1,12.256735713695653,23.996937231656908,0,1
join.exe,6,4,0.45884869511678883,26.867787670180554,0,0
traditional.exe,9,4,1.3626172392695737,13.994692698886794,0,0
short.exe,21,3,3.4039362404819684,7.498424908388397,1,0
figure.exe,21,3,3.157212894553102,20.974348609990898,0,0
could.exe,5,1,10.639916230393885,47.85837120093264,0,0
stay.exe,16,0,1.3111517928970438,29.838108548168503,1,0
picture.exe,14,0,7.187292405606276,3.213637489454691,1,0
guess.exe,0,6,4.3476839348042855,8.764599815782217,0,0
box.exe,20,7,4.32251766229781,0.43817665576302434,1,0
nothing.exe,5,2,10.640504096013215,23.86073672589478,1,0
generation.exe,0,4,1.1937427625534467,5.250615666597204,0,1
so.exe,14,3,9.30167248726324,19.925105602366195,0,0
trouble.exe,19,6,13.797422265329388,38.48439405638278,0,0
seven.exe,18,8,1.0258880442808136,9.06168903586546,0,1
hundred.exe,13,1,4.893961002531654,21.755623258981334,1,0
summer.exe,8,1,4.330601564144378,23.762512874261333,0,0
business.exe,5,1,0.020682011870643228,20.33658769680532,0,0
claim.exe,12,3,21.568432293131707,30.40631007750276,0,0
commercial.exe,9,3,0.8308794974616993,34.800629867187084,1,0
training.exe,22,5,4.036392947967251,0.3803679179882118,0,1
mission.exe,21,2,12.396337947742822,34.09515998850356,0,0
travel.exe,3,4,30.132838847542693,27.556789714578976,1,0
between.exe,16,2,5.670840669014461,31.037954785834508,0,0
seven.exe,11,4,3.7657832272586322,24.863682654521767,0,1
as.exe,17,7,6.990795612423179,32.49901445917323,1,0
what.exe,15,3,7.453242038031474,41.025423621920886,1,0
arm.exe,21,3,2.1580065105713904,47.147389352361294,1,0
dog.exe,3,3,0.5295630058096724,18.953063548737937,1,0
treat.exe,1,0,5.592789334140582,40.659199549397265,0,0
Congress.exe,18,3,5.84563327931864,7.00983983248561,0,0
magazine.exe,13,3,3.932986246152888,18.934412869861145,0,1
include.exe,3,3,0.8445080680195578,23.77536504765475,1,0
seek.exe,11,6,12.220134484283909,17.0526549931066,1,0
challenge.exe,19,2,2.832739535092254,21.019108167510623,0,0
pick.exe,7,5,16.78473544535827,14.853010482512172,0,0
man.exe,1,1,0.695865420517541,11.337331502815942,1,0
avoid.exe,12,1,6.666483881721592,44.960070620883556,1,0
notice.exe,23,2,3.7840480095258346,9.031391052366931,0,0
everyone.exe,7,3,1.6418628301497251,5.919609100705675,1,0
enter.exe,6,2,5.403095581443448,17.908589928455072,1,0
go.exe,16,6,4.827379097154704,3.3449294798218188,0,0
order.exe,15,4,28.85117880245213,42.4968016926106,0,0
let.exe,9,2,0.8130744072427537,20.660602305251572,1,0
decide.exe,12,6,2.7831995379290237,36.253142045960345,1,0
someone.exe,10,6,0.9089108594294114,42.81041925222193,1,0
local.exe,6,4,2.68723359125065,13.350059414160798,1,0
establish.exe,9,5,19.201166699939062,45.97111064522069,1,0
become.exe,4,1,20.194523240432318,18.76154870707614,0,0
anything.exe,20,3,2.502244564817218,41.64823377951556,1,1
certainly.exe,0,2,6.74281387285967,25.046739503454656,0,0
word.exe,11,2,24.13688002272722,47.22562942063289,0,0
knowledge.exe,4,3,0.864554948679135,20.342541574643015,0,1
miss.exe,2,3,4.762861513158306,31.59999376056992,1,1
degree.exe,12,3,4.684226471879085,34.29952714903049,0,0
build.exe,14,6,34.045150488010854,29.75474175865778,0,0
stock.exe,22,6,14.29760490205209,43.95003408750899,0,0
no.exe,10,3,6.648952264840649,4.630740758648796,1,1
beat.exe,13,4,29.581250630232926,29.055094590876195,1,0
north.exe,4,2,3.3766143081104416,34.21095117175719,1,0
image.exe,10,3,12.245124099098994,17.630311941426324,1,0
market.exe,22,5,8.949859829074555,23.054658433511516,0,0
help.exe,18,3,0.1118728429338845,29.31707855586923,0,0
century.exe,21,1,17.475709376621666,47.77565668770033,1,0
difficult.exe,7,3,18.070076259953062,35.71121770063359,0,0
home.exe,9,3,15.230446249528622,38.846129801821846,0,0
no.exe,11,2,25.36717512763925,38.029077360964045,1,0
exactly.exe,0,1,3.234615131243027,37.56817447580442,0,0
we.exe,4,2,0.4368816469629163,45.024978621012146,0,0
claim.exe,1,0,1.0482043632552873,48.6285879367183,0,0
anything.exe,9,5,2.8568208161449538,26.858160878299728,1,0
among.exe,14,3,0.3577404499367048,47.61835781549615,0,0
popular.exe,3,8,9.75028314128818,37.235003800267606,1,0
north.exe,10,2,5.869485118661446,9.075168332117363,1,0
account.exe,23,4,30.82710521865004,11.45665925597548,1,0
race.exe,4,4,15.193298118035734,42.06065392990464,1,0
stand.exe,17,2,5.780399286856616,28.288756962666355,0,0
church.exe,2,0,1.224550612380875,24.323346784721434,1,1
food.exe,17,6,4.852473704033714,18.69245008020348,0,0
development.exe,0,5,0.2213563599010027,21.820353525284723,1,0
station.exe,2,1,7.4686056325315855,17.31520095910362,0,0
think.exe,11,4,1.1761298804968845,0.2182419639759644,1,0
style.exe,12,4,2.613132070428401,28.88374346381761,0,0
of.exe,12,3,3.978581916071117,47.736277448310396,1,1
us.exe,11,2,2.9327539034652665,31.63815917063644,1,0
get.exe,12,3,4.044172359338684,37.47404208968827,1,1
six.exe,9,6,14.104746796026275,33.43518588512928,0,0
wait.exe,14,3,15.820976908611144,13.993221061797856,0,0
rest.exe,0,3,7.508086565934814,40.806581893043436,0,0
evening.exe,19,3,2.390671960765295,48.475131224860746,1,1
authority.exe,21,3,3.656708285672707,20.02299427440487,1,0
truth.exe,22,1,15.83236780085791,1.375423910406673,0,0
son.exe,3,4,20.701773778542613,1.8669620091068573,0,0
rule.exe,12,3,17.28582510351253,1.4135178800887054,1,0
campaign.exe,20,0,13.37761546892116,25.806615242323996,1,1
may.exe,9,3,5.031443205733988,29.418430091979616,0,0
model.exe,19,1,6.452594946193782,39.43028526511167,0,0
agent.exe,18,5,0.8978025155238885,40.23775854745977,1,0
pass.exe,8,3,16.03824402236117,43.49349525421641,0,0
he.exe,13,4,7.286698181543583,3.8005432208692533,1,1
new.exe,11,3,4.903675946267207,14.784220864889482,1,0
argue.exe,19,5,7.655354702034238,7.131136800450928,0,1
detail.exe,9,2,7.321376585724082,1.5180530844900937,0,0
but.exe,7,4,3.2195488372666103,42.84595610090284,1,0
politics.exe,10,1,3.4093410252125644,43.80784290416036,0,0
game.exe,21,6,0.9823422803606092,36.916229586134286,0,0
fine.exe,15,3,7.614897189934498,28.898258560936235,1,0
window.exe,13,2,3.4529765354450532,44.3264468085086,0,0
operation.exe,10,3,1.8577237498514907,9.659227216753457,1,1
idea.exe,22,4,4.633603159113343,26.235154862248805,1,0
buy.exe,2,4,7.073335934046202,28.34036018086857,0,0
sometimes.exe,20,1,10.48599003209144,20.379715851014087,1,1
age.exe,17,5,4.808691641884856,13.240813132064897,0,0
tough.exe,12,2,21.764216356459258,32.794854640052904,1,1
should.exe,13,5,8.717560915441139,19.101181982869665,0,0
example.exe,7,4,2.4020019762088336,2.7478258096713986,0,1
senior.exe,12,1,3.526091988679017,5.2496472890513495,0,0
term.exe,18,2,25.02292633459721,13.331540477766493,1,0
air.exe,13,3,10.152446815712544,19.647761158566688,1,0
fast.exe,17,4,6.505150416672697,15.945823134338621,1,0
and.exe,19,5,12.172695201458847,48.335620085885864,1,0
sound.exe,11,1,3.5754337362204636,46.146794926329186,1,0
because.exe,15,2,11.002116368520635,3.1382111400772206,1,0
within.exe,20,6,4.7717037484726506,46.621993469619746,0,0
man.exe,18,5,5.406805844191177,43.572394859418615,0,0
significant.exe,20,2,6.709695819403144,31.435338329176368,1,1
economy.exe,3,2,0.7096051248846851,38.98940335191486,1,0
cup.exe,3,7,3.948157510644834,12.450588905268193,0,0
nice.exe,10,4,12.563397786934143,14.059295725807914,1,0
matter.exe,21,1,27.89180771243378,24.38921458065601,1,0
similar.exe,5,4,6.247667515835315,26.157814475111003,0,0
build.exe,14,4,2.1792284223543827,31.595403290190205,0,0
produce.exe,14,1,9.518793601673433,29.705897286533954,0,0
smile.exe,12,3,0.060582260332461176,19.85982230906993,0,0
unit.exe,18,3,10.37908398989163,37.22184851584803,0,0
bill.exe,1,0,15.968043960676832,22.708058793966888,1,0
defense.exe,18,3,0.5425762927297851,4.420595753513149,0,0
light.exe,22,2,7.560011834833455,15.658897603081156,1,0
when.exe,14,2,19.113507936681774,18.30080715420294,0,0
everything.exe,20,5,10.544507601866123,9.710802334779514,1,1
building.exe,23,1,5.96245106831582,40.29377395818393,1,1
miss.exe,7,4,11.426947705524304,34.77177627306726,0,0
walk.exe,17,2,4.124406286081419,47.70772613909304,1,0
talk.exe,8,5,1.2898833301326387,6.171546936932749,1,1
because.exe,20,4,2.240094585557751,16.84101478972581,1,0
start.exe,7,4,11.902999525097627,13.082099654178819,0,0
easy.exe,19,4,7.315412570726897,35.17652035027769,0,0
future.exe,3,4,16.25210992818528,1.7557409918724125,0,0
his.exe,12,5,6.215668289315267,34.00998909631082,1,1
outside.exe,0,2,5.694588702850671,46.8947395013724,1,0
lead.exe,5,4,28.81327468693121,23.684075793739595,1,0
agency.exe,7,7,3.6498210166230747,37.30697595425996,1,0
senior.exe,3,3,1.7476625738552518,11.957939414135701,1,0
after.exe,2,4,8.44783454111236,23.484804175652663,1,0
right.exe,16,3,10.513771099580033,41.054398866835754,1,0
career.exe,0,3,2.760942245320766,22.239588556626472,0,0
audience.exe,18,1,1.5226565548997226,36.57274675592396,0,0
dog.exe,18,4,13.025634214565127,20.411356731341392,0,0
music.exe,4,4,9.29724733636719,30.4894886730777,0,0
above.exe,6,2,6.222071216209453,20.100152044412226,0,0
class.exe,18,8,7.387257760994778,22.662768271209483,1,0
card.exe,13,3,2.276116301361238,16.095563376302444,1,1
watch.exe,2,1,14.432959115247154,40.590991468471714,1,0
boy.exe,10,4,7.466166057930393,25.762677602461572,0,0
gun.exe,3,2,5.856382379878788,1.8925349984632103,1,0
guess.exe,20,2,0.05187190747520143,13.236655563219367,0,0
hand.exe,4,1,13.229828621285908,32.53559458177849,0,0
response.exe,2,4,2.646604039159959,23.73975388993358,1,0
structure.exe,8,0,0.7638764454591356,44.166645790862376,0,0
room.exe,9,5,9.318772955789624,41.69215044721723,1,0
huge.exe,10,4,11.379432325531415,15.97695383185224,0,1
positive.exe,20,1,3.1142154267836633,1.642683712085162,1,0
wrong.exe,5,3,14.040219992290215,0.41982774748697615,1,0
degree.exe,4,3,3.7328429852676166,29.041828247784075,0,0
level.exe,2,1,17.653185413663323,27.717584480306982,1,0
back.exe,15,3,5.343815570936041,24.08394758138491,0,0
into.exe,7,2,8.239047793598232,35.87632007259895,0,0
answer.exe,15,4,4.619855255825527,36.49997993168969,1,0
public.exe,17,2,7.894759197356803,12.129600382152661,0,0
while.exe,15,5,22.60324763651312,36.3872007872914,1,0
structure.exe,22,3,6.777310845158576,8.233963519753582,1,0
yeah.exe,14,4,0.6225891555874313,0.4093901993999334,0,0
about.exe,18,3,2.5074713276945566,49.881705871350775,0,0
hit.exe,17,2,20.024387000370556,9.668086001301885,0,0
either.exe,23,4,4.244925772060773,25.128151225159666,0,0
thus.exe,5,2,2.4251827075699515,43.941443955147264,0,1
something.exe,17,3,8.863304096500249,14.250694371052939,1,0
never.exe,15,0,0.07504364885400587,24.365839554205888,1,0
actually.exe,16,2,5.707619664221299,5.048088404841788,1,0
official.exe,15,3,0.12697571127949575,26.780932992241368,0,0
still.exe,4,7,6.8654768520263145,41.27620929876831,0,1
color.exe,14,2,9.533982756407758,29.426677549363575,1,1
occur.exe,2,5,2.6054820858101557,9.88697371734089,0,0
draw.exe,15,4,0.2899827527639132,45.452824132319215,1,0
sound.exe,12,6,13.94716923704573,4.70098276239528,0,0
whom.exe,2,1,2.419631570659016,5.186888800905139,0,0
reduce.exe,4,1,9.875250886906423,9.327068550508427,0,0
must.exe,23,4,3.0333192487455447,34.66503359828909,0,0
later.exe,12,0,15.735272453484724,14.718802276969008,1,0
security.exe,7,5,15.598389680391158,18.16653559375211,0,0
food.exe,14,3,3.2604879409358056,3.359101088388765,1,0
sea.exe,21,0,6.538664858353202,38.649226554233024,0,1
I.exe,13,4,3.997253172635439,4.149047395245733,0,0
kid.exe,18,1,7.054359491255501,41.0726652926485,1,0
story.exe,3,4,5.319141661718777,6.45180687988303,0,0
free.exe,14,4,22.380356301905103,18.36131443270724,0,0
company.exe,18,1,5.137839980376881,46.785650162035125,0,0
red.exe,6,2,5.966118875081808,15.50426405134924,0,0
them.exe,13,1,4.615500295722111,39.73153347790723,0,0
now.exe,15,4,7.617516729170085,4.333237136284621,1,0
between.exe,15,3,5.380281067725682,46.99186429823688,0,0
million.exe,10,3,0.18424311139412491,19.379432198659984,0,0
carry.exe,19,4,12.736902185999226,6.608428910046931,0,0
explain.exe,9,1,0.04096586022276591,22.919052726017853,1,0
wind.exe,22,2,1.513329889207242,10.509278188391308,1,0
black.exe,6,5,10.85518188944687,17.280976410409618,0,0
think.exe,3,5,0.023232556012507073,12.027133943849309,0,0
present.exe,1,3,31.050486009195932,31.287851978826676,1,0
bar.exe,11,3,1.5141430337185229,32.837573287371775,1,0
bed.exe,13,3,28.214955163448835,23.56327794994235,0,0
affect.exe,6,3,3.669840761432072,14.510219508189726,0,1
clearly.exe,0,2,7.420041839277156,14.89693680238918,0,0
which.exe,11,2,3.6747655198861757,22.493462720660478,0,0
read.exe,11,3,5.6823263474736585,11.709993552620688,0,0
fine.exe,20,3,13.320119755486912,12.07562785721864,0,0
really.exe,9,2,8.243659882207902,39.182468235228896,0,0
soon.exe,7,4,0.3492373946204735,49.54681055025559,0,0
consider.exe,22,1,11.181093056310257,34.257088425021706,0,0
city.exe,3,2,6.283537531035912,46.84064476227915,0,1
prove.exe,3,2,6.656183533984354,13.729445745216202,0,1
maintain.exe,18,0,12.412691789530895,47.29563737285918,0,0
far.exe,7,2,2.02653193660033,14.77084938368306,0,0
fact.exe,10,2,14.932365563260376,29.894900969998837,1,0
site.exe,18,2,9.706716068028742,24.532258558819315,0,0
development.exe,7,3,1.1055777716917026,21.4606915557946,0,0
among.exe,23,2,12.698189186350143,29.23051821230312,0,0
stand.exe,8,0,7.508975856152641,48.92013238417464,1,0
sea.exe,16,1,3.721283884566926,37.62302123548254,0,1
store.exe,17,2,14.436786747457457,41.51895342888393,0,0
improve.exe,9,5,17.1554002255722,12.023479261504916,0,0
sell.exe,2,2,5.0246680460843205,46.46611074648689,0,0
opportunity.exe,14,4,1.8897796054339409,13.417060755524007,0,0
anything.exe,17,6,12.038052378387803,48.722145532021706,1,0
provide.exe,8,1,11.73081452024812,9.883642826317715,1,0
movie.exe,5,1,12.651680324418725,35.381178977611306,1,0
program.exe,8,4,14.674384877080154,25.15343925963636,1,0
popular.exe,17,3,9.716800475747586,25.731990174355225,1,0
all.exe,5,4,2.6991151102571775,13.767620806572678,0,0
special.exe,20,4,5.959139238653743,22.70341458561466,1,1
until.exe,17,3,5.532462524397408,7.914193098045353,0,0
little.exe,0,2,3.540100621553819,4.3301924300802295,0,1
answer.exe,15,5,3.2842575139868524,3.982126704661717,0,0
pass.exe,19,2,16.18214926963311,16.572474288686568,1,0
spend.exe,3,1,44.886150319032566,3.584801823599432,1,0
can.exe,21,0,7.076965899381054,42.940613678343574,0,0
full.exe,5,3,1.2516143862221283,38.20241904767306,1,0
position.exe,1,5,19.616571884351043,22.081787796009944,1,0
choose.exe,22,2,0.13586214587236534,48.89902290580615,1,0
according.exe,22,2,2.4921738287133093,20.14382332526214,0,0
audience.exe,8,3,39.74836214618252,4.953228194044098,1,0
read.exe,14,0,9.81906588482715,21.10263270542279,1,1
night.exe,21,3,1.474903771849103,21.023120811914712,0,0
push.exe,0,7,22.03416211991849,1.9706110697141268,1,0
his.exe,14,1,20.643748149548614,14.859382205663259,0,0
sister.exe,2,4,12.41462332093599,29.56453904404958,1,0
financial.exe,14,3,21.2819378551752,47.80953753645643,0,0
water.exe,17,3,0.5962159319407341,16.68244242994942,1,1
